Date;Preco;Retornos;Volatilidade
2020-01-31;108,9000015258789;-0,02059538506381542;0,2030150681781518
2020-02-03;110,41999816894531;0,013957728390896262;0,21042666950092664
2020-02-04;111,20999908447266;0,007154509406155141;0,2095600788112864
2020-02-05;111,7699966430664;0,005035496476970547;0,21018259427760053
2020-02-06;110,94999694824219;-0,007336492077054113;0,21152627729762943
2020-02-07;109,3499984741211;-0,014420896963769025;0,21700959063617672
2020-02-10;108,79000091552734;-0,00512114829819843;0,21734007344164957
2020-02-11;111,30000305175781;0,023071992969091237;0,2253668674492068
2020-02-12;112,44999694824219;0,010332379739015796;0,2284173814760305
2020-02-13;110,9000015258789;-0,01378386362319517;0,23078085877706303
2020-02-14;110,08000183105469;-0,007394045838970298;0,23188819580042053
2020-02-17;110,80000305175781;0,006540708654857674;0,22584765105268914
2020-02-18;111,13999938964844;0,0030685589217158693;0,2259297116834636
2020-02-19;112,08000183105469;0,008457822985140417;0,2222468415578705
2020-02-20;110,19999694824219;-0,016773776339211288;0,22408370078681636
2020-02-21;109,44999694824219;-0,00680580781097706;0,2208865502713355
2020-02-26;101,9000015258789;-0,06898123008567647;0,3191343978923161
2020-02-27;99,19999694824219;-0,02649660978612467;0,31322230388585154
2020-02-28;100,5999984741211;0,014112919041815664;0,3097108880573695
2020-03-02;102,98999786376953;0,023757449561624622;0,32379863840147105
2020-03-03;101,75;-0,012039983391491482;0,32435406933537175
2020-03-04;103,0999984741211;0,013267798271460407;0,3237514291326634
2020-03-05;98,79000091552734;-0,04180405065355641;0,3451693883614834
2020-03-06;94,4000015258789;-0,04443768953299443;0,36770762181239275
2020-03-09;82,69999694824219;-0,12394072445464177;0,5422597499291038
2020-03-10;88,62999725341797;0,07170496401453397;0,6177370467478286
2020-03-11;82,05999755859375;-0,07412839781590819;0,6566555775015309
2020-03-12;70,0999984741211;-0,14574700755910686;0,8009553768248793
2020-03-13;79,48999786376953;0,13395149206907542;0,9527941382751367
2020-03-16;68,4000015258789;-0,13951436200686196;1,0415461302291582
2020-03-17;71,0;0,038011672750290604;1,0615095684939366
2020-03-18;65,01000213623047;-0,0843661670953455;1,0843149462108865
2020-03-19;65,0;-0,00015385534382095223;1,0823031764334567
2020-03-20;64,7699966430664;-0,003538513183593772;1,080553786630935
2020-03-23;61,13999938964844;-0,05604442552964928;1,0799069006129864
2020-03-24;67,4000015258789;0,1023879980164073;1,168274636419889
2020-03-25;71,7300033569336;0,06424334915470498;1,2041536425862998
2020-03-26;74,56999969482422;0,03959286497950654;1,2039854071320086
2020-03-27;70,22000122070312;-0,05833443062791133;1,2138396607094668
2020-03-30;71,97000122070312;0,024921674303304497;1,2175071494763607
2020-03-31;69,3499984741211;-0,03640409479148865;1,2124713209261269
2020-04-01;68,18000030517578;-0,01687091845260691;1,2123966764979506
2020-04-02;69,62999725341797;0,021267188937400316;1,2151481675662716
2020-04-03;66,9000015258789;-0,03920717844642818;1,2144777341678055
2020-04-06;71,56999969482422;0,06980565115740411;1,2443539337120375
2020-04-07;73,51000213623047;0,02710636369538144;1,1785267439473828
2020-04-08;75,7300033569336;0,03019998852113992;1,153926033471137
2020-04-09;74,87000274658203;-0,011356141188825442;1,1266383310659491
2020-04-13;75,95999908447266;0,01455851873787184;0,9983076948936624
2020-04-14;76,8499984741211;0,011716685102361568;0,8837085580564052
2020-04-15;76,05000305175781;-0,010409830035750467;0,7261971103032008
2020-04-16;74,93000030517578;-0,014727188713191564;0,7199069717857093
2020-04-17;76,0;0,014279990530712716;0,6453748771175497
2020-04-20;75,66000366210938;-0,004473636024876604;0,646255651951104
2020-04-22;77,69999694824219;0,026962637951264634;0,6480086759136713
2020-04-23;76,6500015258789;-0,013513455130026664;0,6094154193809823
2020-04-24;72,41000366210938;-0,0553163441534702;0,5555890067814997
2020-04-27;75,29000091552734;0,039773472003358235;0,5279366952155813
2020-04-28;78,30000305175781;0,03997877672504724;0,5282768153095241
2020-04-29;80,18000030517578;0,024010181100187822;0,48318787560962245
2020-04-30;77,20999908447266;-0,03704167135693315;0,5012089669878347
2020-05-04;76,0999984741211;-0,014376384192637426;0,4844601083896513
2020-05-05;76,54000091552734;0,005781898163321086;0,4779601912657142
2020-05-06;76,19999694824219;-0,0044421735460964396;0,47587404536354727
2020-05-07;75,4000015258789;-0,01049862801053214;0,4522835048989823
2020-05-08;77,43000030517578;0,026923060188535075;0,39721559367551296
2020-05-11;76,13999938964844;-0,016660220979504703;0,39413403950105
2020-05-12;75,0;-0,01497241133158489;0,3843080963594785
2020-05-13;75,1500015258789;0,0020000203450520893;0,38219381372006933
2020-05-14;76,25;0,014637371281253975;0,38223057294965895
2020-05-15;74,55999755859375;-0,022163966444672112;0,3876377030041999
2020-05-18;78,02999877929688;0,046539717466811625;0,4194039639524329
2020-05-19;77,6500015258789;-0,0048698867020716685;0,41595742110171025
2020-05-20;78,44999694824219;0,010302580896880853;0,41470742243863307
2020-05-21;79,97000122070312;0,019375453557554323;0,4183477127013737
2020-05-22;79,94000244140625;-0,00037512540751483137;0,40921413727001527
2020-05-25;82,5999984741211;0,03327490557264556;0,419311891398578
2020-05-26;82,44999694824219;-0,0018159991361973438;0,3610196104136529
2020-05-27;84,68000030517578;0,02704673668251889;0,34869821819427177
2020-05-28;83,6500015258789;-0,01216342436921225;0,3306951155617913
2020-05-29;84,1500015258789;0,0059772862029812135;0,3222986269429672
2020-06-01;85,33000183105469;0,014022582100760683;0,29031947509453004
2020-06-02;87,77999877929688;0,028712022684506122;0,29257584510226914
2020-06-03;89,37000274658203;0,018113510929555376;0,29504637702176884
2020-06-04;90,30999755859375;0,01051801256711582;0,29190686737131005
2020-06-05;91,05000305175781;0,008194059496944961;0,2838236421078005
2020-06-08;93,94999694824219;0,03185056341882664;0,28818640109719706
2020-06-09;92,94999694824219;-0,010643959898699151;0,28201724080474644
2020-06-10;91,16999816894531;-0,019150068184381364;0,2869492857577247
2020-06-12;89,25;-0,021059539404480465;0,30508327184559847
2020-06-15;89,06999969482422;-0,0020168101420255935;0,306243152092063
2020-06-16;90,0;0,01044122946404169;0,28650266456215323
2020-06-17;91,94999694824219;0,02166663275824643;0,2570517024293743
2020-06-18;92,62999725341797;0,007395327109782857;0,2528077429527366
2020-06-19;92,63999938964844;0,00010797945079388249;0,25438177513360594
2020-06-22;91,75;-0,009607074649310543;0,2579397814632574
2020-06-23;92,26000213623047;0,005558606389432841;0,2567080065990691
2020-06-24;90,7699966430664;-0,016150070005026995;0,24990608414609417
2020-06-25;92,38999938964844;0,017847337297503207;0,2527928003475913
2020-06-26;90,22000122070312;-0,02348737074662699;0,2591911570012466
2020-06-29;92,30000305175781;0,0230547750267307;0,26167585048306996
2020-06-30;91,62000274658203;-0,00736728366947581;0,26499812754152335
2020-07-01;92,68000030517578;0,011569499310381648;0,2639856479121546
2020-07-02;92,5;-0,0019421698811294963;0,24886103348269498
2020-07-03;93,19000244140625;0,0074594858530405705;0,2431718974363635
2020-07-06;95,30999755859375;0,022749169027229676;0,25203251091946444
2020-07-07;94,0999984741211;-0,012695405681117378;0,2566299152446038
2020-07-08;96,0999984741211;0,02125398546685453;0,24321519167026692
2020-07-09;95,41000366210938;-0,007179966940348392;0,24138066788613805
2020-07-10;96,33999633789062;0,009747328792427012;0,23098374163655652
2020-07-13;95,05000305175781;-0,01339000763097864;0,2223990753296792
2020-07-14;96,5999984741211;0,016307158049424286;0,22611870431759104
2020-07-15;98,02999877929688;0,014803316022400148;0,2281874462544658
2020-07-16;96,81999969482422;-0,012343151071508518;0,22574193937318707
2020-07-17;99,12999725341797;0,023858681738017307;0,2371061902050463
2020-07-20;100,5;0,013820264143453276;0,23949655369560743
2020-07-21;100,29000091552734;-0,0020895431290811617;0,2354999125080575
2020-07-22;100,37999725341797;0,0008973610237219543;0,23575233200462495
2020-07-23;98,4000015258789;-0,019725002806489367;0,2399155947431142
2020-07-24;98,58999633789062;0,001930841555543683;0,23458290445044006
2020-07-27;100,45999908447266;0,018967469480099197;0,21932776607043894
2020-07-28;100,05000305175781;-0,004081186904751011;0,2115355344619548
2020-07-29;101,4800033569336;0,014292856187480663;0,21026226893908576
2020-07-30;101,30999755859375;-0,0016752640196697755;0,210023992694306
2020-07-31;99,29000091552734;-0,019938769042987303;0,2254815056685999
2020-08-03;99,19999694824219;-0,0009064756416079511;0,22548106115196356
2020-08-04;97,5999984741211;-0,016129017372408794;0,22294803662608645
2020-08-05;98,98999786376953;0,014241797247742882;0,22127754385625154
2020-08-06;100,16999816894531;0,01192039933973632;0,21354134619249926
2020-08-07;98,83000183105469;-0,013377222345862583;0,21795482418820977
2020-08-10;99,54000091552734;0,007184044028313963;0,21695100683760568
2020-08-11;98,19999694824219;-0,013461964586702457;0,2170139782226776
2020-08-12;98,33000183105469;0,0013238786848539519;0,2103617422443064
2020-08-13;96,51000213623047;-0,01850909855520233;0,21429355332455005
2020-08-14;97,47000122070312;0,009947146028631781;0,2128844271456427
2020-08-17;95,83000183105469;-0,016825683483218112;0,20281992692274264
2020-08-18;98,25;0,025253032690239374;0,21708935349089936
2020-08-19;97,0;-0,012722646310432517;0,22086092199644297
2020-08-20;97,66999816894531;0,006907197617992855;0,2226550509716124
2020-08-21;97,5999984741211;-0,0007166959776443438;0,2122300655183425
2020-08-24;98,5;0,009221327253581268;0,21468564213944738
2020-08-25;98,3499984741211;-0,0015228581307503708;0,20336346073448772
2020-08-26;96,62999725341797;-0,017488573943961083;0,2111344254663474
2020-08-27;96,87000274658203;0,0024837576320595467;0,2037901099075026
2020-08-28;98,30000305175781;0,014762054966765525;0,2120429487125452
2020-08-31;95,69999694824219;-0,02644970521665846;0,22027448493149435
2020-09-01;98,3499984741211;0,027690716931914938;0,24264717315758033
2020-09-02;98,1500015258789;-0,0020335226369607717;0,23587865018696433
2020-09-03;96,95999908447266;-0,012124324227264394;0,23402101417892124
2020-09-04;97,41999816894531;0,004744215024918619;0,2303659663819692
2020-09-08;96,80000305175781;-0,006364146261964687;0,22696020822974675
2020-09-09;97,5;0,007231373204274583;0,22698148282859595
2020-09-10;95,04000091552734;-0,025230759840745187;0,2385616533110564
2020-09-11;94,4800033569336;-0,0058922301472985605;0,2388144502427543
2020-09-14;96,51000213623047;0,021486015105522283;0,24367853917235985
2020-09-15;96,45999908447266;-0,0005181126375609635;0,24103893319248496
2020-09-16;95,91000366210938;-0,005701797922283203;0,23447025681899109
2020-09-17;96,37000274658203;0,004796153340721698;0,21691894520828192
2020-09-18;94,63999938964844;-0,017951679024881595;0,22124415627305183
2020-09-21;93,4000015258789;-0,013102259845377384;0,2229938743235401
2020-09-22;93,66999816894531;0,0028907563025211136;0,2236113662317952
2020-09-23;92,16999816894531;-0,016013665307162306;0,2249365060475815
2020-09-24;93,30000305175781;0,012260007651744065;0,2311076304749932
2020-09-25;93,5;0,0021435899431989647;0,22488660016790593
2020-09-28;91,19999694824219;-0,024598963120404438;0,23806831743588017
2020-09-29;89,91999816894531;-0,01403507480404087;0,232188970469407
2020-09-30;91,05000305175781;0,012566780536287459;0,22413412443629055
2020-10-01;91,91000366210938;0,00944536607936941;0,20113053689912216
2020-10-02;90,11000061035156;-0,019584408443450885;0,20894786180639588
2020-10-05;92,63999938964844;0,028076781291312525;0,23409551016357008
2020-10-06;92,02999877929688;-0,006584635301926878;0,23323176336654772
2020-10-07;91,94999694824219;-0,0008693016637602025;0,23289200737799065
2020-10-08;94,2699966430664;0,02523110137926521;0,24993814029695008
2020-10-09;93,6500015258789;-0,0065768021562043755;0,23554690632020608
2020-10-13;94,80000305175781;0,012279781176096627;0,23878869047570866
2020-10-14;95,58999633789062;0,00833326224368891;0,22817419531893038
2020-10-15;95,33999633789062;-0,0026153364324473793;0,22830838315984522
2020-10-16;94,54000091552734;-0,008390973915376021;0,22927468290960373
2020-10-19;95,0;0,00486565559570562;0,2292953646692887
2020-10-20;96,66999816894531;0,017578928094161173;0,228415153920588
2020-10-21;96,6500015258789;-0,0002068546958226003;0,22259975306418425
2020-10-22;98,05999755859375;0,014588680915202046;0,22701719127032957
2020-10-23;97,44000244140625;-0,006322609959448888;0,2195360149248211
2020-10-26;97,2300033569336;-0,002155162963988433;0,21732957847761827
2020-10-27;95,68000030517578;-0,015941612652914494;0,22609066097916786
2020-10-28;91,55999755859375;-0,04306022923746966;0,2592422516676533
2020-10-29;92,80000305175781;0,013543092248015087;0,25760447206832227
2020-10-30;90,66000366210938;-0,023060337492175398;0,26790159699415095
2020-11-03;92,26000213623047;0,017648338953131892;0,27302978234152564
2020-11-04;94,16000366210938;0,020593989615059538;0,2715897901062503
2020-11-05;96,94999694824219;0,029630343857511177;0,2734988812461244
2020-11-06;97,19000244140625;0,002475559574201869;0,27158036633899063
2020-11-09;99,5;0,023767851636657733;0,280709880812767
2020-11-10;101,0;0,015075376884422065;0,27309392722047543
2020-11-11;100,88999938964844;-0,0010891149539759004;0,27121521688199773
2020-11-12;98,69999694824219;-0,02170683372638571;0,2829557030699847
2020-11-13;100,83000183105469;0,021580597250975275;0,29027471712114045
2020-11-16;102,51000213623047;0,01666171054911514;0,2934864139195644
2020-11-17;103,0999984741211;0,005755500200912644;0,2902636468449141
2020-11-18;101,91999816894531;-0,011445201965468166;0,2953159332591291
2020-11-19;102,7300033569336;0,007947460778458648;0,2913971615932048
2020-11-23;103,27999877929688;0,005353795428705732;0,29124807224212157
2020-11-24;105,72000122070312;0,023625120742113648;0,297271083345871
2020-11-25;105,83000183105469;0,001040490059415644;0,2952127676096238
2020-11-26;106,0199966430664;0,0017952830834777611;0,2944732144988055
2020-11-27;106,44000244140625;0,00396157151139942;0,28516368252999064
2020-11-30;105,0;-0,013528771217371505;0,23629854712584322
2020-12-01;107,05000305175781;0,01952383858816975;0,2393852541072564
2020-12-02;107,75;0,00653897177288032;0,21318100055290748
2020-12-03;108,1500015258789;0,0037123111450478863;0,2109711334201834
2020-12-04;109,43000030517578;0,011835402323046473;0,20634664375132708
2020-12-07;109,30999755859375;-0,001096616524238092;0,19128196322699212
2020-12-08;109,44000244140625;0,0011893228955823787;0,19161517090088245
2020-12-09;108,7699966430664;-0,006122128868724763;0,18400197577052935
2020-12-10;110,69999694824219;0,017743866550894216;0,18618751549636886
2020-12-11;110,79000091552734;0,0008130439906628428;0,18559119350228873
2020-12-14;110,19999694824219;-0,005325426143240164;0,16380620666505621
2020-12-15;111,76000213623047;0,014156127324767231;0,1563656580250854
2020-12-16;113,3499984741211;0,014226881777905653;0,15428317715280554
2020-12-17;113,98999786376953;0,005646223187153909;0,1542754968933016
2020-12-18;113,5;-0,0042986040262509295;0,1465652043318216
2020-12-21;111,43000030517578;-0,01823788277378169;0,16697887586332272
2020-12-22;112,25;0,0073588772554828985;0,1673382082393564
2020-12-23;113,13999938964844;0,00792872507481901;0,152336490101205
2020-12-28;114,69999694824219;0,01378820547118087;0,1563243886145054
2020-12-29;114,97000122070312;0,002354004181733149;0,15624218869932666
2020-12-30;115,55000305175781;0,005044810166969338;0,15629150604121048
2021-01-04;114,08999633789062;-0,01263528061711272;0,15505721677409484
2021-01-05;114,69000244140625;0,005259059714040504;0,14459125836668926
2021-01-06;114,55000305175781;-0,0012206764902630285;0,1449179723791264
2021-01-07;118,37000274658203;0,03334787946795781;0,1791749805386165
2021-01-08;120,4000015258789;0,017149604901529836;0,18287264460164382
2021-01-11;118,62000274658203;-0,014784042830051636;0,19407000454816614
2021-01-12;119,44999694824219;0,006997084660614439;0,19406409359948223
2021-01-13;117,36000061035156;-0,01749683040005623;0,2053917159885778
2021-01-14;118,68000030517578;0,01124744110394782;0,20098253856965287
2021-01-15;115,77999877929688;-0,024435469484511252;0,2229066303728339
2021-01-18;116,54000091552734;0,006564191952352694;0,22165471065287135
2021-01-19;116,0;-0,004633610016176015;0,21902371312852145
2021-01-20;115,23999786376953;-0,0065517425537109375;0,21605461366262216
2021-01-21;113,80999755859375;-0,012408888681742725;0,2200476204968162
2021-01-22;113,18000030517578;-0,005535517677993318;0,22039465328278243
2021-01-26;112,08000183105469;-0,00971901812294651;0,2133978262181533
2021-01-27;110,95999908447266;-0,009992886583552019;0,21469164170361296
2021-01-28;114,51000213623047;0,031993538942400646;0,24110411309965757
2021-01-29;110,55999755859375;-0,034494843279606835;0,26487741990737246
2021-02-01;113,05999755859375;0,022612156794550087;0,2776901845665686
2021-02-02;113,8499984741211;0,006987448545785924;0,2782732678022047
2021-02-03;115,25;0,012296895429446453;0,2780436962868678
2021-02-04;114,62000274658203;-0,005466353608832741;0,27827494690973986
2021-02-05;115,81999969482422;0,010469350196189664;0,28050449438858116
2021-02-08;115,18000030517578;-0,005525810665988451;0,2545751249321147
2021-02-09;114,91000366210938;-0,0023441278203770732;0,24569395885090395
2021-02-10;113,91999816894531;-0,00861548569848758;0,24259292237777283
2021-02-11;114,9000015258789;0,008602557695622792;0,24338992312216717
2021-02-12;115,05000305175781;0,0013054962914436086;0,23667067089102115
2021-02-17;115,86000061035156;0,007040395802765387;0,23440113655698164
2021-02-18;114,61000061035156;-0,010788883077981981;0,2216602706346933
2021-02-19;113,81999969482422;-0,006892949230610124;0,22124163635088723
2021-02-22;108,25;-0,048936915390604296;0,27662748654461944
2021-02-23;110,76000213623047;0,02318708670882641;0,2908257758245452
2021-02-24;111,45999908447266;0,00631994343392317;0,28938981121069285
2021-02-25;107,52999877929688;-0,03525928887005769;0,3128429118297124
2021-02-26;105,58999633789062;-0,018041499706403452;0,3166521528150349
2021-03-01;105,94000244140625;0,003314765751062154;0,3161163731855864
2021-03-02;107,5;0,014725292832200587;0,29784282168102244
2021-03-03;107,16000366210938;-0,003162756631540753;0,2747580535225629
2021-03-04;108,56999969482422;0,013157857265111428;0,266191023075983
2021-03-05;110,93000030517578;0,02173713380294018;0,27700444382663547
2021-03-08;105,3499984741211;-0,0503020086153767;0,3203719153412195
2021-03-09;107,19000244140625;0,01746562879862923;0,3288493749501943
2021-03-10;108,62999725341797;0,013434040294932004;0,3305329942179217
2021-03-11;110,44999694824219;0,016754117102464994;0,33719315832103264
2021-03-12;109,68000030517578;-0,006971450107212118;0,33767203010667945
2021-03-15;110,66000366210938;0,008935114462133686;0,33880861687032976
2021-03-16;109,69000244140625;-0,008765599029482596;0,337843041642432
2021-03-17;112,05000305175781;0,02151518422667742;0,3474425688154766
2021-03-18;110,5;-0,013833137077576385;0,34885819844790594
2021-03-19;111,69999694824219;0,010859700889069623;0,3500597937637964
2021-03-22;110,69000244140625;-0,009042028061146068;0,35059527162935555
2021-03-23;109,0199966430664;-0,01508723246459287;0,3096020475045101
2021-03-24;107,87000274658203;-0,010548467546274809;0,3004017614084559
2021-03-25;109,37999725341797;0,013998280044391409;0,3039434199117839
2021-03-26;110,27999877929688;0,008228209439370637;0,27789256047768435
2021-03-29;110,95999908447266;0,006166125432560676;0,26912140746884655
2021-03-30;112,43000030517578;0,01324802841413164;0,27168617965229136
2021-03-31;112,0199966430664;-0,0036467460730807977;0,2691179706727201
2021-04-01;110,68000030517578;-0,011962117283044638;0,2729854090326341
2021-04-05;113,20999908447266;0,02285868063173968;0,28009906279033225
2021-04-06;113,2699966430664;0,0005299669559133413;0,27089090412124534
2021-04-07;113,18000030517578;-0,0007945293595639225;0,196523766666543
2021-04-08;113,75;0,00503622277157878;0,18999679934494743
2021-04-09;113,01000213623047;-0,0065054757254464635;0,18861863857489836
2021-04-12;114,4000015258789;0,012299790844821246;0,18480654087454024
2021-04-13;114,66999816894531;0,0023601104848354204;0,18207166293495994
2021-04-14;115,5999984741211;0,008110232144641571;0,18170829972378483
2021-04-15;116,19999694824219;0,0051902982875506876;0,1775339663061688
2021-04-16;116,45999908447266;0,0022375399574776633;0,16398248635539348
2021-04-19;116,33999633789062;-0,0010304202947398755;0,15422137429803903
2021-04-20;115,4800033569336;-0,007392066426229915;0,1547155221284104
2021-04-22;114,94999694824219;-0,004589594676865594;0,15158244197747717
2021-04-23;115,97000122070312;0,008873460631062091;0,1401565894714845
2021-04-26;115,94999694824219;-0,00017249523368434438;0,13189905245051065
2021-04-27;114,77999877929688;-0,01009054074807414;0,13406924238075726
2021-04-28;116,4000015258789;0,014113981214593174;0,13879814883481414
2021-04-29;115,31999969482422;-0,009278366124544912;0,1440271852498775
2021-04-30;114,4000015258789;-0,007977785044917973;0,14165966614095812
2021-05-03;114,68000030517578;0,0024475417444249636;0,14078427236333957
2021-05-04;113,2699966430664;-0,012295113867781704;0,14117938315540618
2021-05-05;115,1500015258789;0,016597553973067836;0,1302888807423048
2021-05-06;115,43000030517578;0,002431600309045212;0,1303980852815102
2021-05-07;117,45999908447266;0,017586405387940207;0,14233144197768027
2021-05-10;117,13999938964844;-0,002724329110492252;0,14265161139929866
2021-05-11;118,12999725341797;0,008451407452005011;0,14156299447934342
2021-05-12;115,2699966430664;-0,02421062115337358;0,1633943949465506
2021-05-13;116,04000091552734;0,00668000602832719;0,16472343086109054
2021-05-14;117,23999786376953;0,010341235253141123;0,16617704933813918
2021-05-17;118,30999755859375;0,00912657552303564;0,16805904156289117
2021-05-18;118,19000244140625;-0,0010142432563915449;0,1681130802096884
2021-05-19;118,01000213623047;-0,0015229740372076916;0,16818766798018178
2021-05-20;117,91000366210938;-0,0008473728693407789;0,16571403108578453
2021-05-21;118,01000213623047;0,0008480915190847149;0,1644505284747376
2021-05-24;119,26000213623047;0,010592322492774864;0,16555163836842454
2021-05-25;118,4000015258789;-0,0072111403232173465;0,1681609237830863
2021-05-26;119,23999786376953;0,007094563573185608;0,16430938734264652
2021-05-27;119,58999633789062;0,002935243881176275;0,15826376287995556
2021-05-28;120,72000122070312;0,009448991700106601;0,15571408259393368
2021-05-31;121,25;0,004390314562107367;0,1513332871927719
2021-06-01;123,33000183105469;0,01715465427673979;0,1592501757649187
2021-06-02;124,66999816894531;0,010865128662904233;0,1502296063269188
2021-06-04;125,05000305175781;0,0030480860543331545;0,1438130366892866
2021-06-07;125,75;0,005597736354732152;0,14380327490086917
2021-06-08;124,70999908447266;-0,008270385014133907;0,14117751480595359
2021-06-09;124,87999725341797;0,0013631478645923512;0,13983158101002904
2021-06-10;125,0;0,0009609445004912232;0,13861412352275632
2021-06-11;124,4800033569336;-0,004159973144531204;0,10210185651319362
2021-06-14;125,1500015258789;0,005382375890721658;0,1017207632805038
2021-06-15;125,18000030517578;0,00023970258834293823;0,0993071463037647
2021-06-16;124,22000122070312;-0,007668949369965428;0,10351247343338245
2021-06-17;123,08999633789062;-0,009096803024537192;0,11037570424969094
2021-06-18;123,2699966430664;0,0014623471486803208;0,10967121640014131
2021-06-21;124,2300033569336;0,007787837592361901;0,11081925542040368
2021-06-22;123,81999969482422;-0,003300359422283572;0,11252302267560363
2021-06-23;123,54000091552734;-0,002261337263664842;0,10937511437914312
2021-06-24;124,52999877929688;0,008013581483186538;0,10641621923761868
2021-06-25;122,5;-0,016301283218468687;0,1230507064725065
2021-06-28;122,44999694824219;-0,00040818817761478776;0,12304068318123904
2021-06-29;122,30999755859375;-0,0011433188496330349;0,11946294776558143
2021-06-30;121,80999755859375;-0,0040879732644951705;0,11972842976555595
2021-07-01;120,7300033569336;-0,00886621971353907;0,10664345002924662
2021-07-02;122,77999877929688;0,016979999713099936;0,11682779562076993
2021-07-05;121,97000122070312;-0,006597145843353247;0,11770197357270197
2021-07-06;120,30000305175781;-0,013691876299348982;0,12261146178454656
2021-07-07;122,27999877929688;0,016458816935251308;0,1360654053710067
2021-07-08;120,66000366210938;-0,013248242830877222;0,14227365338107498
2021-07-12;122,77999877929688;0,017569990492659393;0,15691692217920902
2021-07-13;123,31999969482422;0,004398117941815771;0,15741217801351856
2021-07-14;123,47000122070312;0,0012163600896051285;0,15614068258407368
2021-07-15;122,80000305175781;-0,00542640448952203;0,15698932018146644
2021-07-16;121,1500015258789;-0,01343649417649817;0,16134870095225132
2021-07-19;119,73999786376953;-0,01163849479447332;0,16315773415434692
2021-07-20;120,5999984741211;0,007182233386457959;0,16554717575840933
2021-07-21;121,12000274658203;0,004311809942290523;0,16365180928050446
2021-07-22;121,43000030517578;0,0025594249633758004;0,16394301563708552
2021-07-23;120,19999694824219;-0,010129320216111126;0,1670169289164534
2021-07-26;121,19999694824219;0,00831946776529957;0,1672339583785246
2021-07-27;119,76000213623047;-0,011881145612789634;0,16286093793536321
2021-07-28;121,44999694824219;0,014111512874634968;0,1711134725337241
2021-07-29;120,7300033569336;-0,005928312963362492;0,17219762102020753
2021-07-30;117,11000061035156;-0,029984284319777843;0,19999942954234107
2021-08-02;117,5999984741211;0,004184082155373359;0,19929474657008356
2021-08-03;118,7300033569336;0,009608885182606164;0,19234893281965504
2021-08-04;116,95999908447266;-0,014907809504054681;0,19720296852087935
2021-08-05;116,93000030517578;-0,00025648751309592654;0,19253574305490515
2021-08-06;118,23999786376953;0,011203263107626649;0,18722154113561068
2021-08-09;118,13999938964844;-0,0008457245934350155;0,1823072616397196
2021-08-10;117,56999969482422;-0,004824781596148853;0,16972736482550904
2021-08-11;117,26000213623047;-0,0026367062975113376;0,16812380935291923
2021-08-12;115,87000274658203;-0,01185399423780975;0,17071418291634488
2021-08-13;116,55999755859375;0,005954904597014643;0,1731815467685914
2021-08-16;114,62999725341797;-0,01655799884695075;0,17599743630780298
2021-08-17;113,3499984741211;-0,01116635095495222;0,1756983147765886
2021-08-18;112,05999755859375;-0,01138068754206345;0,17450663506298889
2021-08-19;112,8499984741211;0,007049803076376815;0,17628647352730947
2021-08-20;113,6500015258789;0,007089083407841423;0,17886394528099964
2021-08-23;113,05000305175781;-0,005279352979018381;0,17723967712958952
2021-08-24;115,62999725341797;0,022821708376946637;0,1949921673602677
2021-08-25;116,13999938964844;0,004410638660768296;0,19292050365650587
2021-08-26;114,06999969482422;-0,017823314152769942;0,1923055152479392
2021-08-27;116,18000030517578;0,018497419268839632;0,20562914257806364
2021-08-30;115,08000183105469;-0,00946805363428882;0,18093000297455916
2021-08-31;114,08000183105469;-0,00868960709149158;0,18198099599025014
2021-09-01;114,80000305175781;0,006311371047919456;0,1798169106805949
2021-09-02;112,1500015258789;-0,023083636371369676;0,18944737451371357
2021-09-03;112,08999633789062;-0,0005350440229323628;0,18941882669462143
2021-09-06;113,4800033569336;0,012400812422661334;0,19050836819798447
2021-09-08;109,08000183105469;-0,038773364431787916;0,229262029320521
2021-09-09;111,51000213623047;0,02227723014654348;0,2461743639615399
2021-09-10;109,87999725341797;-0,014617566600179432;0,2497904526768547
2021-09-13;112,12000274658203;0,02038592600250899;0,26010043036825614
2021-09-14;111,69999694824219;-0,003746038066812729;0,25879430306611634
2021-09-15;110,68000030517578;-0,009131572703077517;0,2547408943150537
2021-09-16;109,44000244140625;-0,011203450129657622;0,25475858081096975
2021-09-17;107,13999938964844;-0,021016109287728013;0,26154113672377655
2021-09-20;104,7699966430664;-0,02212061564386203;0,26824980065458354
2021-09-21;105,7699966430664;0,00954471730496298;0,26959059454957607
2021-09-22;107,98999786376953;0,02098895046952487;0,2821959472708135
2021-09-23;109,5999984741211;0,014908793797575592;0,27464692020319503
2021-09-24;109,02999877929688;-0,005200727214962564;0,27365843480757884
2021-09-27;108,88999938964844;-0,0012840446777572234;0,2682081784263025
2021-09-28;105,83000183105469;-0,02810173180040121;0,2717284940360111
2021-09-29;106,83000183105469;0,009449116344119268;0,2750703362222331
2021-09-30;106,48999786376953;-0,003182663684896836;0,2743947193872979
2021-10-01;108,48999786376953;0,018781106583911855;0,28306398513521075
2021-10-04;106,18000030517578;-0,021292262918968907;0,28148918693188096
2021-10-05;106,12000274658203;-0,0005650551744331711;0,28148663246258515
2021-10-06;106,37000274658203;0,002355823534956114;0,2769218649202028
2021-10-07;106,41999816894531;0,00047001429982462817;0,24437712458635458
2021-10-08;108,38999938964844;0,01851156976695001;0,2401574105378708
2021-10-11;107,75;-0,00590459814791322;0,23590161523551922
2021-10-13;109,23999786376953;0,013828286438696269;0,22947815938258606
2021-10-14;108,97000122070312;-0,0024715914348800716;0,2293381246385083
2021-10-15;110,22000122070312;0,011471046948676289;0,23131848170706418
2021-10-18;109,94999694824219;-0,002449684898118254;0,22798622154476963
2021-10-19;106,80000305175781;-0,028649331368032716;0,23828778284096572
2021-10-20;106,4000015258789;-0,0037453325322945874;0,2249664425189288
2021-10-21;103,6500015258789;-0,025845864290999443;0,24055984468296654
2021-10-22;102,33000183105469;-0,012735163293699059;0,23011710953521955
2021-10-25;104,55000305175781;0,02169452927762383;0,23764774107406259
2021-10-26;102,25;-0,021999072067163783;0,24730508237091448
2021-10-27;102,4000015258789;0,0014670075880578448;0,24771995666410124
2021-10-28;100,61000061035156;-0,0174804774302173;0,23653373984784587
2021-10-29;99,68000030517578;-0,009243616932053778;0,23368117899058405
2021-11-01;101,5199966430664;0,018459032225695893;0,24542031122483696
2021-11-03;102,0;0,004728165610773605;0,23491544597528044
2021-11-04;99,6500015258789;-0,023039200726677422;0,23671653816550225
2021-11-05;100,80999755859375;0,011640702608655795;0,24195918385848467
2021-11-08;100,83000183105469;0,00019843540269226523;0,24154777608122893
2021-11-09;101,38999938964844;0,00555387829439935;0,2429555602026804
2021-11-10;102,0199966430664;0,006213603483681274;0,23329460406922514
2021-11-11;103,55000305175781;0,014997122711583488;0,24087627940139872
2021-11-12;102,12999725341797;-0,013713237629071617;0,23725518701026768
2021-11-16;100,36000061035156;-0,01733082043147871;0,2422952051226841
2021-11-17;99,25;-0,011060189354333949;0,23691331249600883
2021-11-18;98,6500015258789;-0,006045324676283048;0,23677722897158404
2021-11-19;99,2699966430664;0,006284795819540445;0,22344557524543732
2021-11-22;98,23999786376953;-0,010375730977410291;0,22475841690586829
2021-11-23;100,0;0,017915331580840244;0,22152017626818105
2021-11-24;100,66000366210938;0,006600036621093652;0,21940392555301672
2021-11-25;101,98999786376953;0,013212737465464697;0,21027700452547785
2021-11-26;98,38999938964844;-0,03529756397220141;0,23096251516368538
2021-11-29;99,01000213623047;0,006301481354082261;0,232408156582869
2021-11-30;98,3499984741211;-0,006666030177448712;0,22596828329952315
2021-12-01;97,08999633789062;-0,01281140981981832;0,227940811077935
2021-12-02;100,43000030517578;0,034401113330577715;0,25077113980082955
2021-12-03;101,31999969482422;0,008861887752106057;0,25223972966291824
2021-12-06;103,0;0,01658113215787549;0,24424732154825368
2021-12-07;103,62999725341797;0,0061164781885238995;0,24215187583847853
2021-12-08;104,19999694824219;0,005500334940956586;0,24250957296956477
2021-12-09;102,13999938964844;-0,019769650853415865;0,253047254179647
2021-12-10;103,7300033569336;0,015566907937991425;0,25775180549732724
2021-12-13;103,5;-0,0022173271906890113;0,2527534003030647
2021-12-14;102,69999694824219;-0,007729498084616537;0,24946215169622787
2021-12-15;103,19999694824219;0,004868549317016857;0,24132071138339373
2021-12-16;104,41000366210938;0,011724871605122589;0,23934962681769922
2021-12-17;103,0999984741211;-0,012546740178534077;0,24330962772186532
2021-12-20;101,0;-0,02036855970127105;0,25493345830733
2021-12-21;101,41999816894531;0,004158397712329842;0,25175229937879984
2021-12-22;101,43000030517578;9,862094666779342e-05;0,24470456430269033
2021-12-23;100,8499984741211;-0,005718247355906758;0,2447398347908381
2021-12-27;101,5999984741211;0,0074367874204028794;0,24166989561806623
2021-12-28;101,05999755859375;-0,0053149697208400015;0,2063409973606827
2021-12-29;100,25;-0,008015016605597336;0,20797093712033587
2021-12-30;100,80000305175781;0,0054863147307513405;0,2068240977114878
2022-01-03;99,93000030517578;-0,008630979367483804;0,20372602512104052
2022-01-04;99,56999969482422;-0,0036025278620249734;0,16516793671267185
2022-01-05;97,0999984741211;-0,024806681011082854;0,18182660815515342
2022-01-06;97,8499984741211;0,007723996001914424;0,17281114681333581
2022-01-07;98,69999694824219;0,00868674999873309;0,17462380687525528
2022-01-10;98,43000030517578;-0,0027355283831264066;0,17232739928646199
2022-01-11;100,0999984741211;0,01696635338583352;0,1733351489126583
2022-01-12;101,91000366210938;0,01808197018560609;0,17653569793567492
2022-01-13;101,55000305175781;-0,0035325345639783956;0,17672897783264485
2022-01-14;103,06999969482422;0,014967962554286673;0,18297023049490718
2022-01-17;102,58000183105469;-0,004754029933252579;0,18293599202948738
2022-01-18;102,8499984741211;0,002632059253723451;0,1781007817740491
2022-01-19;104,05000305175781;0,011667521589109775;0,1774836323168575
2022-01-20;104,9000015258789;0,008169134542920453;0,16207434856163766
2022-01-21;104,69999694824219;-0,001906621303407463;0,16235003997358408
2022-01-24;104,08000183105469;-0,005921634529693409;0,16436294432498347
2022-01-25;106,33000183105469;0,021617985784168736;0,1765262201648816
2022-01-26;107,38999938964844;0,009968941412019872;0,1776182723770417
2022-01-27;108,19999694824219;0,007542579040854536;0,17588169161083406
2022-01-28;107,58000183105469;-0,005730084423977155;0,1741971854199102
2022-01-31;107,9800033569336;0,0037181773477479307;0,17404096283712048
2022-02-01;109,1500015258789;0,010835322583551132;0,17019261919152642
2022-02-02;107,69000244140625;-0,013376079377575567;0,17902457676317896
2022-02-03;107,7699966430664;0,0007428192018443802;0,14650702443462188
2022-02-04;108,0199966430664;0,0023197551061266974;0,14644511942241925
2022-02-07;107,72000122070312;-0,0027772211783579914;0,14794880515849107
2022-02-08;108,2300033569336;0,00473451662134261;0,1457745772811039
2022-02-09;108,2300033569336;0,0;0,13929954381954257
2022-02-10;109,0999984741211;0,008038391298190506;0,13034749145145924
2022-02-11;109,30999755859375;0,0019248312319863903;0,12810331999227156
2022-02-14;109,5199966430664;0,0019211333744664216;0,12123107963712278
2022-02-15;110,5999984741211;0,009861229585081954;0,12013755161294941
2022-02-16;110,7699966430664;0,0015370539899699498;0,12031056552339342
2022-02-17;109,0999984741211;-0,01507626811912377;0,13265550887369612
2022-02-18;108,51000213623047;-0,005407849185539382;0,13341248074869982
2022-02-21;107,44999694824219;-0,009768732532669966;0,13872460698609967
2022-02-22;109,0;0,014425342910939554;0,1432626709937081
2022-02-23;107,58000183105469;-0,01302750613711301;0,1342018570840889
2022-02-24;107,4800033569336;-0,0009295266073534592;0,12984539278035828
2022-02-25;108,9000015258789;0,013211742878622701;0,13532477913092394
2022-03-02;111,0999984741211;0,020201991895467453;0,1497150114247602
2022-03-03;111,0199966430664;-0,0007200884982309086;0,14970451786156735
2022-03-04;110,4000015258789;-0,0055845355425546694;0,14740510473825238
2022-03-07;107,11000061035156;-0,02980073251861448;0,1753377708831237
2022-03-08;107,29000091552734;0,0016805181976480288;0,17543128123341958
2022-03-09;109,77999877929688;0,02320810739604684;0,1931688737053012
2022-03-10;109,4000015258789;-0,003461443410852305;0,19334479937451934
2022-03-11;107,69999694824219;-0,015539346928021502;0,20076978751344202
2022-03-14;106,04000091552734;-0,015413148372813712;0,20760093459193105
2022-03-15;104,9000015258789;-0,010750654279573002;0,20762077627560477
2022-03-16;107,13999938964844;0,02135364948700147;0,22238035971384043
2022-03-17;108,69999694824219;0,014560365572901635;0,2285959991664245
2022-03-18;110,7300033569336;0,018675312471793326;0,23544903900846137
2022-03-21;111,94000244140625;0,01092747266133709;0,23836969811165168
2022-03-22;113,0999984741211;0,010362658633333854;0,2335194009861551
2022-03-23;112,9000015258789;-0,0017683196369622234;0,2324380044528121
2022-03-24;114,73999786376953;0,016297575846080603;0,23335642960083153
2022-03-25;114,75;8,717218421372408e-05;0,22995318018354152
2022-03-28;114,51000213623047;-0,0020914846515863728;0,2236523531397627
2022-03-29;115,75;0,01082872972349036;0,22470833559788558
2022-03-30;115,9000015258789;0,0012959095108329155;0,2220833022946627
2022-03-31;115,5999984741211;-0,002588464605764673;0,2138020701480104
2022-04-01;117,19999694824219;0,013840817432876351;0,2174055449506834
2022-04-04;116,80000305175781;-0,0034129172943666575;0,2164945813013413
2022-04-05;114,51000213623047;-0,019606171709709352;0,19936912027487247
2022-04-06;113,87000274658203;-0,00558902609124956;0,20167245824595975
2022-04-07;114,6500015258789;0,006849905686160174;0,1884609891633801
2022-04-08;113,9800033569336;-0,005843856607311793;0,18953024882545166
2022-04-11;112,56999969482422;-0,012370623096876754;0,1861178260094364
2022-04-12;111,7699966430664;-0,00710671630031634;0,17828774208598108
2022-04-13;112,5199966430664;0,006710208665346107;0,1720006392246431
2022-04-14;111,6500015258789;-0,007731915598498285;0,16302468329512493
2022-04-18;111,45999908447266;-0,001701768372678547;0,15687445652911083
2022-04-19;110,91999816894531;-0,00484479562141471;0,14461882813258237
2022-04-20;110,05000305175781;-0,007843446912633278;0,1415312533381737
2022-04-22;106,75;-0,029986396731000342;0,168063288362261
2022-04-25;106,76000213623047;9,369682651483302e-05;0,1683161110140627
2022-04-26;104,27999877929688;-0,023229705014140012;0,16807783591803693
2022-04-27;105,5199966430664;0,01189104217764636;0,1768698764076022
2022-04-28;105,86000061035156;0,003222175683299744;0,17851432680464088
2022-04-29;103,4000015258789;-0,023238230401371296;0,18260586452307867
2022-05-02;102,72000122070312;-0,006576405175444666;0,181055534128079
2022-05-03;102,72000122070312;0,0;0,18183094247408116
2022-05-04;104,37999725341797;0,01616039732270047;0,1850953952085548
2022-05-05;101,5;-0,027591467035832484;0,20010724990370124
2022-05-06;101,2300033569336;-0,00266006544893016;0,19475458954787792
2022-05-09;99,68000030517578;-0,015311696141039888;0,19752681226675675
2022-05-10;99,23999786376953;-0,004414149679566215;0,1918927372945755
2022-05-11;100,63999938964844;0,014107230512043545;0,2051094466777137
2022-05-12;102,04000091552734;0,013910985039442547;0,21453786579257594
2022-05-13;103,29000091552734;0,01225009789087328;0,22201196872973614
2022-05-16;104,4000015258789;0,010746447870199294;0,2248093176066659
2022-05-17;104,9000015258789;0,004789271960652819;0,22599552739778303
2022-05-18;102,20999908447266;-0,025643492872043705;0,23926734682199644
2022-05-19;103,08000183105469;0,008511914239065943;0,2431214418053881
2022-05-20;104,66000366210938;0,01532791815083856;0,2508784876625476
2022-05-23;106,76000213623047;0,020064957009755746;0,24091776121555164
2022-05-24;106,63999938964844;-0,0011240421897791286;0,2409560335456312
2022-05-25;106,66000366210938;0,00018758695213261234;0,22560696027273228
2022-05-26;108,0199966430664;0,01275073067937793;0,22614064165444628
2022-05-27;107,9000015258789;-0,001110860219557308;0,22615368787592427
2022-05-30;106,91999816894531;-0,009082514764363059;0,21189953575530784
2022-05-31;107,18000030517578;0,0024317446753003846;0,20976364607096826
2022-06-01;107,47000122070312;0,0027057372149805747;0,20963014850424377
2022-06-02;108,43000030517578;0,00893271679136931;0,20502672008686887
2022-06-03;107,4800033569336;-0,008761384723493748;0,17972011236026078
2022-06-06;106,41999816894531;-0,009862347924088466;0,18414975421116905
2022-06-07;106,1500015258789;-0,0025370855827094863;0,1736439835136669
2022-06-08;104,5999984741211;-0,014602006872132978;0,18252575270694682
2022-06-09;103,68000030517578;-0,008795393712868194;0,18152683966659489
2022-06-10;101,81999969482422;-0,01793982064888855;0,18747930404118457
2022-06-13;99,12000274658203;-0,026517353725541537;0,20292983351278646
2022-06-14;98,36000061035156;-0,007667495108666933;0,19846733832926022
2022-06-15;99,37999725341797;0,010370034940392792;0,2020509618430378
2022-06-17;96,20999908447266;-0,031897748606913856;0,2119967197371422
2022-06-20;96,29000091552734;0,0008315334353599102;0,20847734809891866
2022-06-21;96,4000015258789;0,0011423887143595657;0,19816580336226025
2022-06-22;96,02999877929688;-0,0038382027046203193;0,1781325594506263
2022-06-23;94,66000366210938;-0,01426632442572573;0,18036047472474126
2022-06-24;95,47000122070312;0,008556914507261704;0,18598480837541748
2022-06-27;97,3499984741211;0,01969202083774868;0,19572459657344324
2022-06-28;97,05000305175781;-0,0030816171244525403;0,19536673941788812
2022-06-29;96,0;-0,01081919648367069;0,19592018864869812
2022-06-30;95,0;-0,01041666666666663;0,19479533161883372
2022-07-01;95,62999725341797;0,006631550035978595;0,1973762241169806
2022-07-04;95,19999694824219;-0,004496500235551482;0,1903885019242381
2022-07-05;94,80000305175781;-0,004201616694398003;0,19024307061244197
2022-07-06;95,41999816894531;0,006540032671191076;0,19436934816069726
2022-07-07;97,37999725341797;0,020540757934226717;0,21369806954148365
2022-07-08;96,87999725341797;-0,0051345246878454764;0,21027528966924697
2022-07-11;94,80000305175781;-0,021469800378083437;0,2186674035021616
2022-07-12;94,9000015258789;0,0010548361909492598;0,2134266507509116
2022-07-13;94,51000213623047;-0,00410958254349536;0,1960689113348159
2022-07-14;92,55000305175781;-0,020738536029736188;0,20566162716199124
2022-07-15;93,2699966430664;0,007779509103915894;0,20375601579866864
2022-07-18;93,37000274658203;0,0010722215837353222;0,1746420318431479
2022-07-19;94,69999694824219;0,01424434146446285;0,1827626160041373
2022-07-20;94,94999694824219;0,002639915607775878;0,1830292951376755
2022-07-21;95,3499984741211;0,004212759754978812;0,18339124741315926
2022-07-22;95,41999816894531;0,0007341341997317841;0,1761917520688574
2022-07-25;96,75;0,013938397155487836;0,1802550367052033
2022-07-26;96,1500015258789;-0,006201534616238735;0,16775650269723252
2022-07-27;97,83000183105469;0,01747270180462346;0,17858911993412657
2022-07-28;99,0999984741211;0,012981668397181512;0,17871160708742231
2022-07-29;99,30000305175781;0,002018209694412354;0,17330802343709442
2022-08-01;98,55999755859375;-0,007452220245938501;0,1755887719602979
2022-08-02;99,52999877929688;0,009841733408388675;0,17644559303299462
2022-08-03;100,19999694824219;0,006731620387447235;0,175526196237428
2022-08-04;102,4800033569336;0,022754555669987964;0,18850331644295343
2022-08-05;102,73999786376953;0,002537026720524027;0,1779862376166515
2022-08-08;104,80000305175781;0,02005066411155454;0,18539818929528232
2022-08-09;105,05000305175781;0,002385496113740837;0,16125131234582554
2022-08-10;106,55999755859375;0,01437405485930321;0,16377865694749605
2022-08-11;105,87999725341797;-0,006381384391472733;0,1656512658393884
2022-08-12;108,63999938964844;0,02606726679095539;0,1510283707762818
2022-08-15;108,97000122070312;0,0030375720996749234;0,15188967969908254
2022-08-16;109,76000213623047;0,007249710073209181;0,15010346139481445
2022-08-17;109,98999786376953;0,002095442083297261;0,14940226281861513
2022-08-18;109,94000244140625;-0,000454545170781806;0,15096729767351205
2022-08-19;107,52999877929688;-0,021921080667556048;0,18125564350189358
2022-08-22;106,7300033569336;-0,007439741759927454;0,18627778799466047
2022-08-23;109,0999984741211;0,02220551899789225;0,19312053579356522
2022-08-24;109,18000030517578;0,0007332890208395781;0,18914019354718029
2022-08-25;109,5999984741211;0,0038468416172499076;0,1846883734941049
2022-08-26;108,36000061035156;-0,011313849279499077;0,19132559805922525
2022-08-29;108,4000015258789;0,0003691483508863058;0,19166183361821248
2022-08-30;106,4000015258789;-0,018450184242133294;0,2035432677775712
2022-08-31;105,83000183105469;-0,0053571399121228325;0,20459928694838073
2022-09-01;106,58999633789062;0,007181276515984436;0,20470836290596742
2022-09-02;107,08999633789062;0,0046908717251006316;0,1919402483077419
2022-09-05;108,44999694824219;0,012699604602286918;0,19538466319497294
2022-09-06;105,94999694824219;-0,023052098389575115;0,20388697263823963
2022-09-08;106,18000030517578;0,0021708670463289614;0,20386462305197298
2022-09-09;108,4000015258789;0,020907903694881602;0,21057769798780895
2022-09-12;109,55000305175781;0,01060887001560018;0,21139946763924025
2022-09-13;106,9800033569336;-0,023459604045925952;0,20910014417499512
2022-09-14;106,75;-0,002149965878821325;0,20871925460021978
2022-09-15;106,11000061035156;-0,005995310441671564;0,20724309443402303
2022-09-16;105,5999984741211;-0,004806353155187071;0,20710177101745428
2022-09-19;108,22000122070312;0,02481063242840964;0,2268119688186161
2022-09-20;108,8499984741211;0,0058214493283283986;0,21403487901286436
2022-09-21;108,16000366210938;-0,006338951049004948;0,21354289979204416
2022-09-22;110,12999725341797;0,0182136975278111;0,20887912063463687
2022-09-23;107,83999633789062;-0,020793616386440728;0,22154260268587722
2022-09-26;105,12999725341797;-0,025129814322151223;0,23661443016162806
2022-09-27;104,68000030517578;-0,004280385808034026;0,23432249297981889
2022-09-28;104,81999969482422;0,0013374034126891754;0,2344458640285523
2022-09-29;103,80000305175781;-0,009730935375272365;0,2283668868050421
2022-09-30;106,45999908447266;0,025626165265028922;0,2456225949532827
2022-10-03;112,4000015258789;0,05579562739515942;0,31145195761027356
2022-10-04;112,3499984741211;-0,0004448670024822521;0,3115488536757718
2022-10-05;113,31999969482422;0,008633744849819047;0,31018163994410447
2022-10-06;113,47000122070312;0,001323698608214574;0,29628705337229877
2022-10-07;112,77999877929688;-0,006080923891629952;0,29810375196813216
2022-10-10;112,08000183105469;-0,006206747258545642;0,29237010618025416
2022-10-11;110,88999938964844;-0,01061743774058832;0,293510500800394
2022-10-13;110,26000213623047;-0,005681281061281851;0,28124677907275203
2022-10-14;108,22000122070312;-0,018501731144598077;0,2895647923600575
2022-10-17;109,9000015258789;0,015523935374474718;0,2927724901021501
2022-10-18;111,94000244140625;0,018562337463179812;0,29725338717681243
2022-10-19;112,3499984741211;0,0036626409127464843;0,2864847509795318
2022-10-20;112,9000015258789;0,004895443339810068;0,2863445063229844
2022-10-21;116,43000030517578;0,03126659638253182;0,30192968815090143
2022-10-24;112,13999938964844;-0,036846181433331404;0,3276906551999651
2022-10-25;110,4800033569336;-0,014802889617886672;0,3232835990705586
2022-10-26;108,77999877929688;-0,015387441400996571;0,31488217417973663
2022-10-27;110,0;0,011215308277198854;0,31567903707424994
2022-10-28;113,0;0,027272727272727337;0,32700560282948093
2022-10-31;112,1500015258789;-0,007522110390452141;0,3259430947689619
2022-11-01;112,80999755859375;0,005884940024388108;0,316389205634086
2022-11-03;113,0999984741211;0,002570702258695823;0,2514287013141999
2022-11-04;114,0;0,00795757328047042;0,2527478570848894
2022-11-07;111,22000122070312;-0,024385954204358518;0,2654419883693986
2022-11-08;112,30000305175781;0,009710500082728446;0,26784932075446194
2022-11-09;109,75;-0,022707061286387886;0,27831338936996963
2022-11-10;106,0999984741211;-0,033257417092290686;0,29947742061860294
2022-11-11;108,55000305175781;0,023091466662313875;0,31044099950718856
2022-11-14;109,23999786376953;0,0063564697615228205;0,31087224525963186
2022-11-16;106,04000091552734;-0,029293271794391895;0,32093625385246644
2022-11-17;105,69000244140625;-0,0033006268492953295;0,31547037110702825
2022-11-18;104,8499984741211;-0,007947809138814654;0,3073094836445724
2022-11-21;106,08000183105469;0,011731076536326102;0,3107428404466377
2022-11-22;105,06999969482422;-0,009521136112337403;0,31040482139052705
2022-11-23;105,23999786376953;0,0016179515507668274;0,28482040351133936
2022-11-24;108,19999694824219;0,02812617963280739;0,28117230549395605
2022-11-25;105,06999969482422;-0,028927886707013628;0,29354509880987867
2022-11-28;105,1500015258789;0,0007614145930052718;0,2897266000722756
2022-11-29;107,29000091552734;0,020351872169224405;0,29641286274089934
2022-11-30;108,58000183105469;0,012023496174103032;0,2824509100702059
2022-12-01;107,05999755859375;-0,01399893393652718;0,28499921919370863
2022-12-02;107,94999694824219;0,008313089949038455;0,285974037485473
2022-12-05;105,62999725341797;-0,021491428998711037;0,2932476540051268
2022-12-06;106,73999786376953;0,010508384353059785;0,29458802474327783
2022-12-07;105,58999633789062;-0,010773857493857508;0,28575731070939603
2022-12-08;103,56999969482422;-0,019130568359926547;0,2879208595428486
2022-12-09;103,9000015258789;0,0031862685336203622;0,28024002506160967
2022-12-12;101,80000305175781;-0,02021172707680896;0,26542556747053625
2022-12-13;100,30000305175781;-0,014734773625079023;0,2527062200583643
2022-12-14;100,69999694824219;0,0039879749183853175;0,25165718773859586
2022-12-15;100,5;-0,001986067073517228;0,23388311749985186
2022-12-16;99,4000015258789;-0,0109452584489661;0,23572604411317966
2022-12-19;101,37000274658203;0,019818925457362635;0,2474375755666589
2022-12-20;103,55000305175781;0,021505378771919714;0,2561803497795591
2022-12-21;103,87000274658203;0,003090291505489118;0,25463060307370533
2022-12-22;103,93000030517578;0,0005776216136252899;0,25455096234380986
2022-12-23;106,0;0,019917249001693005;0,24431229317105752
2022-12-26;105,1500015258789;-0,008018853529444314;0,22393757411165205
2022-12-27;104,9000015258789;-0,002377555838061207;0,22409017324428485
2022-12-28;106,80000305175781;0,018112502366457672;0,221646204295279
2022-12-29;105,94999694824219;-0,007958858419729542;0,21863454806683266
2023-01-02;102,62999725341797;-0,03133553365221975;0,2388582504589604
2023-01-03;100,4800033569336;-0,020948981331213812;0,24453153374431594
2023-01-04;101,91999816894531;0,014331158080244544;0,24242300295374783
2023-01-05;104,2699966430664;0,023057285285913;0,25393789649184084
2023-01-06;105,5;0,011796330646716147;0,25501754235513535
2023-01-09;105,3499984741211;-0,0014218154111744763;0,24540396206582402
2023-01-10;107,18000030517578;0,0173706868301875;0,25188386170687316
2023-01-11;109,0999984741211;0,017913772751245283;0,2448081790052647
2023-01-12;108,26000213623047;-0,007699324927945561;0,23938854106874177
2023-01-13;107,3499984741211;-0,008405723666661813;0,24305625557798566
2023-01-16;105,47000122070312;-0,017512783233724738;0,2529494571453717
2023-01-17;107,80000305175781;0,022091607130818147;0,2568108881884418
2023-01-18;108,33000183105469;0,004916500596409135;0,25034862665135993
2023-01-19;109,11000061035156;0,00720021015520067;0,24199606205990795
2023-01-20;108,44999694824219;-0,006048974964873777;0,24382891553107863
2023-01-23;107,9000015258789;-0,005071419436053715;0,24507564750092856
2023-01-24;109,43000030517578;0,014179784593700173;0,24052471530757086
2023-01-25;110,6500015258789;0,011148690645168768;0,24000342870225352
2023-01-26;110,41999816894531;-0,002078656608782814;0,23992848609882286
2023-01-27;108,4000015258789;-0,018293757259221888;0,24330396090290238
2023-01-30;108,69999694824219;0,0027674854071995103;0,24125583971246853
2023-01-31;109,83999633789062;0,010487575176209463;0,21157865738391132
2023-02-01;108,4000015258789;-0,013109931354895465;0,20176268857617283
2023-02-02;106,30000305175781;-0,019372679377866575;0,21285404746579434
2023-02-03;104,87000274658203;-0,01345249542918181;0,2049698196566733
2023-02-06;105,25;0,003623507613861987;0,201139943778894
2023-02-07;104,0999984741211;-0,010926380293386329;0,20462919572787525
2023-02-08;106,33999633789062;0,02151775116813659;0,20963288558524698
2023-02-09;104,44000244140625;-0,017867161575285673;0,20710810501138566
2023-02-10;104,75;0,0029681879677059264;0,20670272376608237
2023-02-13;105,47000122070312;0,006873520006712486;0,20703557448744028
2023-02-14;104,43000030517578;-0,009860632440413797;0,20083794252477544
2023-02-15;106,05000305175781;0,015512809938216021;0,1926841755641148
2023-02-16;106,5;0,004243252572303735;0,19245049139449916
2023-02-17;105,55999755859375;-0,008826314003814506;0,1921255159592267
2023-02-22;103,5999984741211;-0,01856763101367742;0,20056567782628876
2023-02-23;104,1500015258789;0,005308909844194742;0,20184743065500146
2023-02-24;102,37999725341797;-0,016994759928266823;0,20000847881800038
2023-02-27;102,29000091552734;-0,00087904219872037;0,19345162490199752
2023-02-28;101,1500015258789;-0,011144778369782893;0,195058605233949
2023-03-01;101,19999694824219;0,0004942701098278324;0,18857668171258696
2023-03-02;99,94000244140625;-0,012450538980553039;0,18987270765876477
2023-03-03;100,41999816894531;0,00480283886145072;0,18540436322558865
2023-03-06;101,47000122070312;0,01045611502592636;0,18906392588786466
2023-03-07;100,9000015258789;-0,005617420793998407;0,1799049500267972
2023-03-08;103,22000122070312;0,022993059065803623;0,195374237309527
2023-03-09;101,55999755859375;-0,016082189909686018;0,20172353958314349
2023-03-10;100,20999908447266;-0,013292620190761939;0,20325952312631823
2023-03-13;99,77999877929688;-0,004290992007826566;0,18489212317772682
2023-03-14;99,58000183105469;-0,0020043791409996015;0,17676757248545585
2023-03-15;99,38999938964844;-0,0019080381393103973;0,17577288636432753
2023-03-16;100,0;0,00613744455274734;0,17529933440253426
2023-03-17;98,8499984741211;-0,011500015258789076;0,17625899887966834
2023-03-20;97,69999694824219;-0,01163380418442772;0,16598756359730996
2023-03-21;97,93000030517578;0,0023541797760284755;0,16495341688181075
2023-03-22;97,02999877929688;-0,009190253477731725;0,16509413700330142
2023-03-23;94,58000183105469;-0,025249891570285565;0,17393370375601508
2023-03-24;95,86000061035156;0,013533503431130134;0,1817971378455993
2023-03-27;96,54000091552734;0,007093681419217068;0,17903025645645435
2023-03-28;98,02999877929688;0,015433994713479171;0,18975531357231393
2023-03-29;98,55000305175781;0,0053045422721229585;0,18826811015487496
2023-03-30;100,47000122070312;0,019482477011562693;0,20141728604753675
2023-03-31;98,48999786376953;-0,019707408508775726;0,2083955976544111
2023-04-03;98,30000305175781;-0,0019290772274613843;0,2074938191100763
2023-04-04;98,51000213623047;0,0021363080158001146;0,20370626566004624
2023-04-05;97,62999725341797;-0,008933152611199091;0,20490579730724406
2023-04-06;97,58999633789062;-0,00040971951913015836;0,1847182480235994
2023-04-10;98,66000366210938;0,010964313601508957;0,1836074838767837
2023-04-11;102,91000366210938;0,04307723334934588;0,23415287293831483
2023-04-12;103,3499984741211;0,00427553003939618;0,23342281433026008
2023-04-13;102,93000030517578;-0,004063843010607138;0,23395166313626853
2023-04-14;103,04000091552734;0,0010686933841002055;0,2336035164933355
2023-04-17;102,70999908447266;-0,0032026574934255203;0,23366970459841313
2023-04-18;102,69999694824219;-9,738230279066062e-05;0,229045360509881
2023-04-19;100,4800033569336;-0,021616296565494575;0,23888701370752372
2023-04-20;101,0;0,005175125653800183;0,2392220688691692
2023-04-24;100,62000274658203;-0,0037623490437422857;0,2368708036555437
2023-04-25;99,91999816894531;-0,006956912726386322;0,21825867740366525
2023-04-26;99,01000213623047;-0,009107246290939841;0,2182008193362205
2023-04-27;99,52999877929688;0,005251960729694138;0,21771245881853366
2023-04-28;100,9000015258789;0,013764721826430959;0,21644348108225125
2023-05-02;98,48999786376953;-0,023885070621047055;0,23290801293060592
2023-05-03;98,5999984741211;0,0011168708776267966;0,22205979799761175
2023-05-04;98,94999694824219;0,0035496803198526994;0,21147377653973545
2023-05-05;101,91000366210938;0,0299141668030114;0,23472511901513618
2023-05-08;102,48999786376953;0,005691239140596771;0,23510784251836928
2023-05-09;103,80000305175781;0,012781785689268466;0,23442735000348708
2023-05-10;103,97000122070312;0,0016377472441937435;0,23415648106355247
2023-05-11;104,81999969482422;0,008175420449565651;0,23317693994343275
2023-05-12;105,05000305175781;0,0021942697729748772;0,18201238614197543
2023-05-15;105,47000122070312;0,003998078598230759;0,18195282946617
2023-05-16;104,62999725341797;-0,007964387575263188;0,183820800155165
2023-05-17;106,01000213623047;0,013189380856716282;0,18873685304697832
2023-05-18;106,75;0,0069804532483508375;0,18888982044038086
2023-05-19;107,16000366210938;0,0038407837199940786;0,18885610928154845
2023-05-22;106,55000305175781;-0,0056924280468949595;0,1708655889823619
2023-05-23;106,44000244140625;-0,0010323848634535837;0,1711550540166238
2023-05-24;105,2699966430664;-0,010992162453058119;0,17627401397150827
2023-05-25;106,55000305175781;0,012159270917728504;0,17618359265824612
2023-05-26;107,51000213623047;0,009009845677867556;0,17145236870683783
2023-05-29;106,7699966430664;-0,006883131601340353;0,17542992911658065
2023-05-30;105,37999725341797;-0,013018632887057402;0,17998116722832802
2023-05-31;104,83999633789062;-0,005124320835089291;0,1559382015951111
2023-06-01;107,19999694824219;0,02251049878660316;0,16964696578196548
2023-06-02;109,0199966430664;0,016977609576826147;0,17543236795903497
2023-06-05;109,13999938964844;0,0011007406923237983;0,14973015405329798
2023-06-06;111,06999969482422;0,017683711892698017;0,15768373354368423
2023-06-07;111,77999877929688;0,006392356949882494;0,15466463287852242
2023-06-09;113,20999908447266;0,012792989092791363;0,1576988586221471
2023-06-12;113,63999938964844;0,003798253764271564;0,15700429057714965
2023-06-13;112,94000244140625;-0,006159776064781908;0,16077042754794849
2023-06-14;115,11000061035156;0,01921372518183828;0,16975005990531877
2023-06-15;115,4000015258789;0,00251933727729714;0,16405166849695635
2023-06-16;114,9000015258789;-0,004332755575292335;0,16389204995173598
2023-06-19;116,12999725341797;0,010704923509178732;0,16527819728121743
2023-06-20;115,81999969482422;-0,0026694012393480016;0,166922332179957
2023-06-21;116,2699966430664;0,0038853129807276954;0,16334764481149916
2023-06-22;115,26000213623047;-0,008686630566753117;0,1685166106342021
2023-06-23;115,30999755859375;0,00043376211553591837;0,16028250294664637
2023-06-26;114,41999816894531;-0,007718319386800676;0,16292011750227342
2023-06-27;113,7699966430664;-0,0056808384572699655;0,16454216560330975
2023-06-28;113,02999877929688;-0,006504332298533422;0,1642677556513022
2023-06-29;114,91000366210938;0,01663279574552079;0,1604328696590326
2023-06-30;114,16999816894531;-0,006439870068580267;0,161455606023792
2023-07-03;115,94000244140625;0,015503234657512577;0,15300042176300374
2023-07-04;115,23999786376953;-0,006037645013769022;0,1487043719347984
2023-07-05;115,83999633789062;0,005206512367610161;0,14883256698860622
2023-07-06;113,63999938964844;-0,018991686962981924;0,15688463299872168
2023-07-07;115,19000244140625;0,013639590461833384;0,16187333020401243
2023-07-10;114,0999984741211;-0,009462661204817757;0,16063224522260922
2023-07-11;113,80000305175781;-0,0026292324835685;0,16047287327895637
2023-07-12;113,83000183105469;0,00026360965283300786;0,15884232054678613
2023-07-13;115,58000183105469;0,015373802792319369;0,1535882938773007
2023-07-14;113,95999908447266;-0,014016289331350018;0,16099716624121213
2023-07-17;114,70999908447266;0,006581256634128785;0,1621998140942601
2023-07-18;113,94999694824219;-0,006625421866412906;0,15882391502864826
2023-07-19;113,75;-0,0017551290355279914;0,15872381596609386
2023-07-20;114,33999633789062;0,0051867809924450725;0,15927208206560725
2023-07-21;116,4000015258789;0,01801648814034129;0,16906455036361195
2023-07-24;117,56999969482422;0,01005153052927743;0,1722535559023042
2023-07-25;117,9800033569336;0,003487315328515983;0,16947460905374573
2023-07-26;118,73999786376953;0,006441723048071779;0,16818768025356398
2023-07-27;116,04000091552734;-0,022738731655864597;0,18699303581087778
2023-07-28;116,5199966430664;0,004136467802068333;0,17893490447925592
2023-07-31;117,94999694824219;0,012272574205063558;0,18122277901781994
2023-08-01;117,5199966430664;-0,003645615229345589;0,1747564149896525
2023-08-02;117,01000213623047;-0,004339640243395393;0,17402870085635563
2023-08-03;116,70999908447266;-0,0025639094631288994;0,17362156913360885
2023-08-04;115,66000366210938;-0,008996619232284564;0,1626517099947687
2023-08-07;115,61000061035156;-0,00043232794548309084;0,15591805143531964
2023-08-08;115,2699966430664;-0,002940956366145997;0,15241267731776095
2023-08-09;114,69999694824219;-0,004944909442387013;0,1532263791467199
2023-08-10;114,51000213623047;-0,0016564500180191732;0,15339527830953034
2023-08-11;114,25;-0,0022705626703346526;0,14344386569775783
2023-08-14;113,30999755859375;-0,008227592484956192;0,13787063981993122
2023-08-15;112,37000274658203;-0,00829578000410458;0,1382327437317918
2023-08-16;111,87000274658203;-0,004449586079726342;0,13730851378381329
2023-08-17;111,36000061035156;-0,004558881949665916;0,13788594742584664
2023-08-18;111,69999694824219;0,0030531280174850295;0,13687904658214292
2023-08-21;110,79000091552734;-0,008146786549479534;0,11984124119852169
2023-08-22;112,41000366210938;0,0146222829966145;0,12664068908165882
2023-08-23;114,30000305175781;0,01681344478316671;0,14158648733096307
2023-08-24;113,30000305175781;-0,008748906153109859;0,14066691533502704
2023-08-25;112,1500015258789;-0,010150057324831319;0,12317125048457206
2023-08-28;113,5;0,012037436074484376;0,13061849199891754
2023-08-29;114,62000274658203;0,00986786560865216;0,12772272768254686
2023-08-30;113,9000015258789;-0,006281636742715868;0,12864742146239075
2023-08-31;112,30999755859375;-0,013959648340512887;0,13549671683678766
2023-09-01;114,05000305175781;0,015492881586577134;0,14824639471047868
2023-09-04;114,13999938964844;0,0007890954448268594;0,14549203363942312
2023-09-05;113,62000274658203;-0,004555779269730498;0,1461355273762113
2023-09-06;112,25;-0,012057760195954947;0,15115559455702776
2023-09-08;111,66000366210938;-0,005256092097021159;0,15125601715048553
2023-09-11;113,4800033569336;0,016299477298349796;0,1629624480464415
2023-09-12;114,22000122070312;0,006520953841021582;0,16451576854533273
2023-09-13;114,45999908447266;0,0021011894694851208;0,16184593293319124
2023-09-14;115,58999633789062;0,009872420605071097;0,1615988112097383
2023-09-15;114,91999816894531;-0,005796333507847695;0,16227849679894624
2023-09-18;114,6500015258789;-0,002349431320643469;0,16144637959819882
2023-09-19;114,0999984741211;-0,0047972354508313275;0,16274110582071583
2023-09-20;115,02999877929688;0,008150747744196662;0,16090262037198638
2023-09-21;112,5999984741211;-0,02112492681007605;0,17236088099423155
2023-09-22;112,61000061035156;8,882891976913498e-05;0,16135730635522869
2023-09-25;112,56999969482422;-0,0003552163689772847;0,15865252647730269
2023-09-26;110,6500015258789;-0,01705603779115572;0,1657229070959892
2023-09-27;110,69999694824219;0,00045183390577352434;0,15933742393675407
2023-09-28;112,18000030517578;0,013369497721174906;0,16280958353725258
2023-09-29;113,1500015258789;0,00864682847267173;0,16487733560159032
2023-10-02;111,48999786376953;-0,014670823152659995;0,16563836964733794
2023-10-03;109,81999969482422;-0,014978905739920223;0,16264560021675042
2023-10-04;110,18000030517578;0,003278096989181911;0,1633617631278842
2023-10-05;109,75;-0,0039027074240767234;0,16322997290342198
2023-10-06;110,66000366210938;0,008291605121725443;0,16201716764339347
2023-10-09;111,73999786376953;0,00975957135296901;0,16493776842185523
2023-10-10;113,12999725341797;0,01243958668536127;0,16064292525543594
2023-10-11;113,5;0,003270598033810579;0,15934480204699897
2023-10-13;112,05999755859375;-0,012687246179790779;0,16473568606373176
2023-10-16;112,94000244140625;0,00785297967146903;0,16320438186062028
2023-10-17;112,33999633789062;-0,005312609266383772;0,16303576571542033
2023-10-18;110,37000274658203;-0,017535994797287957;0,17278049415024113
2023-10-19;110,5999984741211;0,0020838608481976717;0,1728973161957512
2023-10-20;109,5;-0,009945736792921211;0,17162778944794435
2023-10-23;109,3499984741211;-0,0013698769486658602;0,15735769352815168
2023-10-24;110,23999786376953;0,008138997732670905;0,16071818534927246
2023-10-25;109,3499984741211;-0,008073289249771798;0,1625634251291804
2023-10-26;111,4000015258789;0,018747170373696553;0,16619711056884476
2023-10-27;109,8499984741211;-0,013913851261462828;0,17340636586903257
2023-10-30;108,95999908447266;-0,008101951770696725;0,167929383039608
2023-10-31;109,62000274658203;0,006057302383030372;0,16622132859456604
2023-11-01;111,55999755859375;0,017697452685679682;0,17153078839576746
2023-11-03;114,75;0,028594500817650026;0,18885197241817542
2023-11-06;114,80999755859375;0,0005228545411219976;0,188887691374366
2023-11-07;115,66999816894531;0,007490642179594609;0,18850235137042526
2023-11-08;115,5199966430664;-0,0012968058118217884;0,18776130844426367
2023-11-09;115,18000030517578;-0,002943181680840512;0,186396290980777
2023-11-10;117,01000213623047;0,015888190885622544;0,18930426095043032
2023-11-13;116,81999969482422;-0,001623813673510055;0,18954340424206187
2023-11-14;119,61000061035156;0,02388290466372056;0,19736944886688482
2023-11-16;120,95999908447266;0,011286668900863273;0,19874678347279437
2023-11-17;121,0999984741211;0,0011574023702718428;0,19644546824969913
2023-11-20;122,25;0,009496296782568914;0,18145119798807968
2023-11-21;121,76000213623047;-0,004008162484822386;0,1838712133065762
2023-11-22;122,1500015258789;0,0032030172700892034;0,17620014452306346
2023-11-23;122,87999725341797;0,005976223646500856;0,17453783401528755
2023-11-24;121,66000366210938;-0,009928333484518048;0,1823105686097364
2023-11-27;121,94000244140625;0,0023014858693783946;0,17655509426415472
2023-11-28;122,72000122070312;0,006396578347385828;0,16971992795755667
2023-11-29;122,2699966430664;-0,0036669212284916597;0,15895053737708603
2023-11-30;123,56999969482422;0,01063223266091029;0,15236607306192287
2023-12-01;124,23999786376953;0,005422013195759412;0,1523817480731428
2023-12-04;122,95999908447266;-0,010302630403297375;0,1561751446385577
2023-12-05;123,01000213623047;0,00040666112662757214;0,13017242183539263
2023-12-06;121,72000122070312;-0,010486959540889185;0,13850302018820318
2023-12-07;122,29000091552734;0,004682876183928819;0,13764965896315368
2023-12-08;123,30999755859375;0,008340801663506259;0,1381807831528886
2023-12-11;123,11000061035156;-0,0016219037564018102;0,13752111265799588
2023-12-12;122,5999984741211;-0,004142653998066681;0,13163511136602365
2023-12-13;125,70999908447266;0,025367052602435658;0,15306878448668507
2023-12-14;126,87999725341797;0,009307120972605443;0,13604522449220774
2023-12-15;126,27999877929688;-0,004728865755905698;0,13483584589999206
2023-12-18;127,2699966430664;0,007839704413521442;0,13623580432670393
2023-12-19;128,0500030517578;0,0061287532746541196;0,13451549353897665
2023-12-20;126,81999969482422;-0,009605648790468435;0,1391124353529927
2023-12-21;128,35000610351562;0,012064393726330058;0,1434165161691787
2023-12-22;128,94000244140625;0,004596776858855733;0,14306217133070637
2023-12-26;129,64999389648438;0,005506370727740295;0,1362213933654735
2023-12-27;130,22999572753906;0,004473597056377621;0,1362751037286405
2023-12-28;130,38999938964844;0,0012286237223269048;0,13590966028433135
